{
  "annotations": {
    "list": [
      {
        "builtIn": 1,
        "datasource": "-- Grafana --",
        "enable": true,
        "hide": true,
        "iconColor": "rgba(0, 211, 255, 1)",
        "name": "Annotations & Alerts",
        "target": {
          "limit": 100,
          "matchAny": false,
          "tags": [],
          "type": "dashboard"
        },
        "type": "dashboard"
      }
    ]
  },
  "editable": true,
  "gnetId": null,
  "graphTooltip": 0,
  "id": 26,
  "iteration": 1637255743513,
  "links": [],
  "panels": [
    {
      "datasource": {
        "uid": "${Datasource}",
        "type": "prometheus"
      },
      "description": "All requests processed per second, including bad requests",
      "fieldConfig": {
        "defaults": {
          "color": {
            "mode": "palette-classic"
          },
          "custom": {
            "axisLabel": "",
            "axisPlacement": "auto",
            "barAlignment": 0,
            "drawStyle": "line",
            "fillOpacity": 0,
            "gradientMode": "none",
            "hideFrom": {
              "legend": false,
              "tooltip": false,
              "viz": false
            },
            "lineInterpolation": "linear",
            "lineWidth": 1,
            "pointSize": 5,
            "scaleDistribution": {
              "type": "linear"
            },
            "showPoints": "auto",
            "spanNulls": false,
            "stacking": {
              "group": "A",
              "mode": "none"
            },
            "thresholdsStyle": {
              "mode": "off"
            }
          },
          "mappings": [],
          "thresholds": {
            "mode": "absolute",
            "steps": [
              {
                "color": "green",
                "value": null
              },
              {
                "color": "red",
                "value": 80
              }
            ]
          }
        },
        "overrides": []
      },
      "gridPos": {
        "h": 8,
        "w": 12,
        "x": 0,
        "y": 0
      },
      "id": 4,
      "options": {
        "legend": {
          "calcs": [],
          "displayMode": "list",
          "placement": "bottom"
        },
        "tooltip": {
          "mode": "single"
        }
      },
      "targets": [
        {
          "exemplar": true,
          "expr": "sum by (status) (rate(aptos_api_response_status_count{chain_name=~\"$chain_name\", role=~\"$role\", owner=~\"$owner\", status=~\"$status\"}[$interval]))",
          "interval": "",
          "legendFormat": "{{status}}",
          "refId": "A"
        }
      ],
      "title": "Requests By Response Status Code",
      "type": "timeseries"
    },
    {
      "datasource": {
        "uid": "${Datasource}",
        "type": "prometheus"
      },
      "description": "Request count by endpoint per $interval",
      "fieldConfig": {
        "defaults": {
          "color": {
            "mode": "palette-classic"
          },
          "custom": {
            "axisLabel": "",
            "axisPlacement": "auto",
            "barAlignment": 0,
            "drawStyle": "line",
            "fillOpacity": 0,
            "gradientMode": "none",
            "hideFrom": {
              "legend": false,
              "tooltip": false,
              "viz": false
            },
            "lineInterpolation": "linear",
            "lineWidth": 1,
            "pointSize": 5,
            "scaleDistribution": {
              "type": "linear"
            },
            "showPoints": "auto",
            "spanNulls": false,
            "stacking": {
              "group": "A",
              "mode": "none"
            },
            "thresholdsStyle": {
              "mode": "off"
            }
          },
          "mappings": [],
          "thresholds": {
            "mode": "absolute",
            "steps": [
              {
                "color": "green",
                "value": null
              },
              {
                "color": "red",
                "value": 80
              }
            ]
          }
        },
        "overrides": []
      },
      "gridPos": {
        "h": 8,
        "w": 12,
        "x": 12,
        "y": 0
      },
      "id": 6,
      "options": {
        "legend": {
          "calcs": [],
          "displayMode": "table",
          "placement": "right"
        },
        "tooltip": {
          "mode": "multi"
        }
      },
      "targets": [
        {
          "exemplar": true,
          "expr": "sum by (operation_id) (rate(aptos_api_requests_count{chain_name=~\"$chain_name\", role=~\"$role\", owner=~\"$owner\", operation_id=~\"$endpoint\", status=~\"$status\"}[$interval]))",
          "instant": false,
          "interval": "",
          "legendFormat": "{{operation_id}}",
          "refId": "A"
        }
      ],
      "title": "Requests by Endpoint",
      "type": "timeseries"
    },
    {
      "datasource": {
        "uid": "${Datasource}",
        "type": "prometheus"
      },
      "description": "Aggregated endpoints latency per $interval, can be filtered by $endpoint",
      "fieldConfig": {
        "defaults": {
          "color": {
            "mode": "palette-classic"
          },
          "custom": {
            "axisLabel": "",
            "axisPlacement": "auto",
            "barAlignment": 0,
            "drawStyle": "line",
            "fillOpacity": 0,
            "gradientMode": "none",
            "hideFrom": {
              "legend": false,
              "tooltip": false,
              "viz": false
            },
            "lineInterpolation": "linear",
            "lineWidth": 1,
            "pointSize": 5,
            "scaleDistribution": {
              "type": "linear"
            },
            "showPoints": "auto",
            "spanNulls": false,
            "stacking": {
              "group": "A",
              "mode": "none"
            },
            "thresholdsStyle": {
              "mode": "off"
            }
          },
          "mappings": [],
          "thresholds": {
            "mode": "absolute",
            "steps": [
              {
                "color": "green",
                "value": null
              },
              {
                "color": "red",
                "value": 80
              }
            ]
          }
        },
        "overrides": []
      },
      "gridPos": {
        "h": 8,
        "w": 12,
        "x": 0,
        "y": 8
      },
      "id": 10,
      "options": {
        "legend": {
          "calcs": [],
          "displayMode": "list",
          "placement": "bottom"
        },
        "tooltip": {
          "mode": "single"
        }
      },
      "targets": [
        {
          "exemplar": true,
          "expr": "histogram_quantile(0.90, sum by (le) (rate(aptos_api_requests_bucket{chain_name=~\"$chain_name\", operation_id=~\"$endpoint\"}[$interval])))",
          "format": "time_series",
          "interval": "",
          "legendFormat": "p90",
          "refId": "A"
        },
        {
          "exemplar": true,
          "expr": "histogram_quantile(0.99, sum by (le) (rate(aptos_api_requests_bucket{chain_name=~\"$chain_name\", operation_id=~\"$endpoint\"}[$interval])))",
          "hide": false,
          "interval": "",
          "legendFormat": "p99",
          "refId": "B"
        },
        {
          "exemplar": true,
          "expr": "histogram_quantile(1, sum by (le) (rate(aptos_api_requests_bucket{chain_name=~\"$chain_name\", operation_id=~\"$endpoint\"}[$interval])))",
          "hide": false,
          "interval": "",
          "legendFormat": "p100",
          "refId": "C"
        }
      ],
      "title": "Endpoints Latency",
      "type": "timeseries"
    },
    {
      "datasource": {
        "uid": "${Datasource}",
        "type": "prometheus"
      },
      "description": "Server Internal Errors (response code 500) while processing requests, grouped by endpoints",
      "fieldConfig": {
        "defaults": {
          "color": {
            "mode": "palette-classic"
          },
          "custom": {
            "axisLabel": "",
            "axisPlacement": "auto",
            "barAlignment": 0,
            "drawStyle": "line",
            "fillOpacity": 0,
            "gradientMode": "none",
            "hideFrom": {
              "legend": false,
              "tooltip": false,
              "viz": false
            },
            "lineInterpolation": "linear",
            "lineWidth": 1,
            "pointSize": 5,
            "scaleDistribution": {
              "type": "linear"
            },
            "showPoints": "auto",
            "spanNulls": false,
            "stacking": {
              "group": "A",
              "mode": "none"
            },
            "thresholdsStyle": {
              "mode": "off"
            }
          },
          "mappings": [],
          "thresholds": {
            "mode": "absolute",
            "steps": [
              {
                "color": "green",
                "value": null
              },
              {
                "color": "red",
                "value": 80
              }
            ]
          }
        },
        "overrides": []
      },
      "gridPos": {
        "h": 8,
        "w": 12,
        "x": 12,
        "y": 8
      },
      "id": 12,
      "options": {
        "legend": {
          "calcs": [],
          "displayMode": "list",
          "placement": "bottom"
        },
        "tooltip": {
          "mode": "single"
        }
      },
      "targets": [
        {
          "exemplar": true,
          "expr": "sum by (operation_id) (rate(aptos_api_requests_count{chain_name=~\"$chain_name\", role=~\"$role\", owner=~\"$owner\", operation_id=~\"$endpoint\", status=\"500\"}[$interval]))",
          "interval": "",
          "legendFormat": "",
          "refId": "A"
        }
      ],
      "title": "Server Internal Errors",
      "type": "timeseries"
    }
  ],
  "schemaVersion": 30,
  "style": "dark",
  "tags": [],
  "templating": {
    "list": [
      {
        "hide": 0,
        "includeAll": false,
        "multi": false,
        "name": "Datasource",
        "options": [],
        "query": "prometheus",
        "queryValue": "",
        "refresh": 1,
        "regex": "",
        "skipUrlSync": false,
        "type": "datasource"
      },
      {
        "current": {
          "selected": true,
          "text": [
            "All"
          ],
          "value": [
            "$__all"
          ]
        },
        "datasource": {
          "type": "prometheus",
          "uid": "${Datasource}"
        },
        "definition": "label_values(chain_name)",
        "hide": 0,
        "includeAll": false,
        "label": "",
        "multi": false,
        "name": "chain_name",
        "options": [],
        "query": {
          "query": "label_values(chain_name)",
          "refId": "Prometheus-chain-name-Variable-Query"
        },
        "refresh": 1,
        "regex": "",
        "skipUrlSync": false,
        "sort": 1,
        "tagValuesQuery": "",
        "tagsQuery": "",
        "type": "query",
        "useTags": false
      },
      {
        "allValue": null,
        "current": {
          "selected": false,
          "text": [
            "All"
          ],
          "value": [
            "$__all"
          ]
        },
        "datasource": {
          "uid": "${Datasource}",
          "type": "prometheus"
        },
        "definition": "label_values(operation_id)",
        "description": null,
        "error": null,
        "hide": 0,
        "includeAll": true,
        "label": null,
        "multi": true,
        "name": "endpoint",
        "options": [],
        "query": {
          "query": "label_values(operation_id)",
          "refId": "StandardVariableQuery"
        },
        "refresh": 1,
        "regex": "",
        "skipUrlSync": false,
        "sort": 0,
        "type": "query"
      },
      {
        "allValue": null,
        "current": {
          "selected": false,
          "text": [
            "All"
          ],
          "value": [
            "$__all"
          ]
        },
        "datasource": {
          "uid": "${Datasource}",
          "type": "prometheus"
        },
        "definition": "label_values(role)",
        "description": null,
        "error": null,
        "hide": 0,
        "includeAll": true,
        "label": null,
        "multi": true,
        "name": "role",
        "options": [],
        "query": {
          "query": "label_values(role)",
          "refId": "StandardVariableQuery"
        },
        "refresh": 1,
        "regex": "",
        "skipUrlSync": false,
        "sort": 0,
        "type": "query"
      },
      {
        "allValue": null,
        "current": {
          "selected": true,
          "text": [
            "All"
          ],
          "value": [
            "$__all"
          ]
        },
        "datasource": {
          "uid": "${Datasource}",
          "type": "prometheus"
        },
        "definition": "label_values(owner)",
        "description": null,
        "error": null,
        "hide": 0,
        "includeAll": true,
        "label": null,
        "multi": true,
        "name": "owner",
        "options": [],
        "query": {
          "query": "label_values(owner)",
          "refId": "StandardVariableQuery"
        },
        "refresh": 1,
        "regex": "",
        "skipUrlSync": false,
        "sort": 0,
        "type": "query"
      },
      {
        "auto": false,
        "auto_count": 30,
        "auto_min": "10s",
        "current": {
          "selected": false,
          "text": "1m",
          "value": "1m"
        },
        "description": null,
        "error": null,
        "hide": 0,
        "label": null,
        "name": "interval",
        "options": [
          {
            "selected": true,
            "text": "1m",
            "value": "1m"
          },
          {
            "selected": false,
            "text": "10m",
            "value": "10m"
          },
          {
            "selected": false,
            "text": "30m",
            "value": "30m"
          },
          {
            "selected": false,
            "text": "1h",
            "value": "1h"
          },
          {
            "selected": false,
            "text": "6h",
            "value": "6h"
          },
          {
            "selected": false,
            "text": "12h",
            "value": "12h"
          },
          {
            "selected": false,
            "text": "1d",
            "value": "1d"
          },
          {
            "selected": false,
            "text": "7d",
            "value": "7d"
          },
          {
            "selected": false,
            "text": "14d",
            "value": "14d"
          },
          {
            "selected": false,
            "text": "30d",
            "value": "30d"
          }
        ],
        "query": "1m,10m,30m,1h,6h,12h,1d,7d,14d,30d",
        "queryValue": "",
        "refresh": 2,
        "skipUrlSync": false,
        "type": "interval"
      },
      {
        "allValue": null,
        "current": {
          "selected": false,
          "text": [
            "All"
          ],
          "value": [
            "$__all"
          ]
        },
        "datasource": {
          "uid": "${Datasource}",
          "type": "prometheus"
        },
        "definition": "label_values(status)",
        "description": null,
        "error": null,
        "hide": 0,
        "includeAll": true,
        "label": "",
        "multi": true,
        "name": "status",
        "options": [],
        "query": {
          "query": "label_values(status)",
          "refId": "StandardVariableQuery"
        },
        "refresh": 1,
        "regex": "/\\d+/",
        "skipUrlSync": false,
        "sort": 0,
        "type": "query"
      }
    ]
  },
  "time": {
    "from": "now-1h",
    "to": "now"
  },
  "timepicker": {},
  "timezone": "",
  "title": "API",
  "uid": "api",
  "version": 5
}
