{
  "annotations": {
    "list": [
      {
        "builtIn": 1,
        "datasource": "-- Grafana --",
        "enable": true,
        "hide": true,
        "iconColor": "rgba(0, 211, 255, 1)",
        "name": "Annotations & Alerts",
        "type": "dashboard"
      }
    ]
  },
  "editable": true,
  "gnetId": null,
  "graphTooltip": 0,
  "links": [
    {
      "asDropdown": true,
      "icon": "external link",
      "includeVars": true,
      "keepTime": true,
      "tags": [],
      "title": "Other Dashboards",
      "type": "dashboards"
    }
  ],
  "panels": [
    {
      "collapsed": false,
      "datasource": {
        "uid": "${Datasource}",
        "type": "prometheus"
      },
      "gridPos": {
        "h": 1,
        "w": 24,
        "x": 0,
        "y": 0
      },
      "id": 2,
      "panels": [],
      "title": "Overview",
      "type": "row"
    },
    {
      "aliasColors": {},
      "bars": false,
      "dashLength": 10,
      "dashes": false,
      "datasource": {
        "uid": "${Datasource}",
        "type": "prometheus"
      },
      "fieldConfig": {
        "defaults": {
          "custom": {
            "align": null,
            "filterable": false
          },
          "mappings": [],
          "thresholds": {
            "mode": "absolute",
            "steps": [
              {
                "color": "green",
                "value": null
              },
              {
                "color": "red",
                "value": 80
              }
            ]
          }
        },
        "overrides": []
      },
      "fill": 1,
      "fillGradient": 0,
      "gridPos": {
        "h": 9,
        "w": 8,
        "x": 0,
        "y": 1
      },
      "hiddenSeries": false,
      "id": 4,
      "legend": {
        "avg": false,
        "current": false,
        "max": false,
        "min": false,
        "show": true,
        "total": false,
        "values": false
      },
      "lines": true,
      "linewidth": 1,
      "nullPointMode": "null",
      "options": {
        "alertThreshold": true
      },
      "percentage": false,
      "pluginVersion": "7.2.0",
      "pointradius": 2,
      "points": false,
      "renderer": "flot",
      "seriesOverrides": [],
      "spaceLength": 10,
      "stack": false,
      "steppedLine": false,
      "targets": [
        {
          "expr": "(count by (failure_domain_beta_kubernetes_io_region\n) (count by (owner, failure_domain_beta_kubernetes_io_region\n) (kubelet_volume_stats_used_bytes{chain_name=~\"$chain_name\"}))) / ignoring(failure_domain_beta_kubernetes_io_region) group_left count(count by (owner, failure_domain_beta_kubernetes_io_region\n) (kubelet_volume_stats_used_bytes{chain_name=~\"$chain_name\"}))",
          "format": "time_series",
          "instant": false,
          "interval": "",
          "legendFormat": "{{failure_domain_beta_kubernetes_io_region}}",
          "refId": "A"
        }
      ],
      "thresholds": [],
      "timeFrom": null,
      "timeRegions": [],
      "timeShift": null,
      "title": "Region Distribution",
      "tooltip": {
        "shared": true,
        "sort": 0,
        "value_type": "individual"
      },
      "transformations": [],
      "type": "graph",
      "xaxis": {
        "buckets": null,
        "mode": "time",
        "name": null,
        "show": true,
        "values": []
      },
      "yaxes": [
        {
          "format": "percentunit",
          "label": null,
          "logBase": 1,
          "max": null,
          "min": null,
          "show": true
        },
        {
          "format": "short",
          "label": null,
          "logBase": 1,
          "max": null,
          "min": null,
          "show": true
        }
      ],
      "yaxis": {
        "align": false,
        "alignLevel": null
      }
    },
    {
      "aliasColors": {},
      "bars": false,
      "dashLength": 10,
      "dashes": false,
      "datasource": {
        "uid": "${Datasource}",
        "type": "prometheus"
      },
      "fieldConfig": {
        "defaults": {
          "custom": {
            "align": null,
            "filterable": false
          },
          "mappings": [],
          "thresholds": {
            "mode": "absolute",
            "steps": [
              {
                "color": "green",
                "value": null
              },
              {
                "color": "red",
                "value": 80
              }
            ]
          }
        },
        "overrides": []
      },
      "fill": 1,
      "fillGradient": 0,
      "gridPos": {
        "h": 9,
        "w": 8,
        "x": 8,
        "y": 1
      },
      "hiddenSeries": false,
      "id": 6,
      "legend": {
        "avg": false,
        "current": false,
        "max": false,
        "min": false,
        "show": true,
        "total": false,
        "values": false
      },
      "lines": true,
      "linewidth": 1,
      "nullPointMode": "null",
      "options": {
        "alertThreshold": true
      },
      "percentage": false,
      "pluginVersion": "7.2.0",
      "pointradius": 2,
      "points": false,
      "renderer": "flot",
      "seriesOverrides": [],
      "spaceLength": 10,
      "stack": false,
      "steppedLine": false,
      "targets": [
        {
          "expr": "count(count by (owner) (kubelet_volume_stats_used_bytes{chain_name=~\"$chain_name\", instance=~\"ip.*\"})) / (count(count by (owner) (kubelet_volume_stats_used_bytes{chain_name=~\"$chain_name\", instance=~\"ip.*\"})) + count(count by (owner) (kubelet_volume_stats_used_bytes{chain_name=~\"$chain_name\", instance=~\"aks.*\"})) + count(count by (owner) (kubelet_volume_stats_used_bytes{chain_name=~\"$chain_name\", instance=~\"gke.*\"})) + count(count by (owner) (kubelet_volume_stats_used_bytes{chain_name=~\"$chain_name\", instance=~\"scw.*\"})))",
          "hide": false,
          "instant": false,
          "interval": "",
          "legendFormat": "AWS",
          "refId": "A"
        },
        {
          "expr": "count(count by (owner) (kubelet_volume_stats_used_bytes{chain_name=~\"$chain_name\", instance=~\"aks.*\"})) / (count(count by (owner) (kubelet_volume_stats_used_bytes{chain_name=~\"$chain_name\", instance=~\"ip.*\"})) + count(count by (owner) (kubelet_volume_stats_used_bytes{chain_name=~\"$chain_name\", instance=~\"aks.*\"})) + count(count by (owner) (kubelet_volume_stats_used_bytes{chain_name=~\"$chain_name\", instance=~\"gke.*\"})) + count(count by (owner) (kubelet_volume_stats_used_bytes{chain_name=~\"$chain_name\", instance=~\"scw.*\"})))",
          "hide": false,
          "instant": false,
          "interval": "",
          "legendFormat": "Azure",
          "refId": "B"
        },
        {
          "expr": "count(count by (owner) (kubelet_volume_stats_used_bytes{chain_name=~\"$chain_name\", instance=~\"gke.*\"})) / (count(count by (owner) (kubelet_volume_stats_used_bytes{chain_name=~\"$chain_name\", instance=~\"ip.*\"})) + count(count by (owner) (kubelet_volume_stats_used_bytes{chain_name=~\"$chain_name\", instance=~\"aks.*\"})) + count(count by (owner) (kubelet_volume_stats_used_bytes{chain_name=~\"$chain_name\", instance=~\"gke.*\"})) + count(count by (owner) (kubelet_volume_stats_used_bytes{chain_name=~\"$chain_name\", instance=~\"scw.*\"})))",
          "hide": false,
          "instant": false,
          "interval": "",
          "legendFormat": "GCP",
          "refId": "C"
        },
        {
          "expr": "count(count by (owner) (kubelet_volume_stats_used_bytes{chain_name=~\"$chain_name\", instance=~\"scw.*\"})) / (count(count by (owner) (kubelet_volume_stats_used_bytes{chain_name=~\"$chain_name\", instance=~\"ip.*\"})) + count(count by (owner) (kubelet_volume_stats_used_bytes{chain_name=~\"$chain_name\", instance=~\"aks.*\"})) + count(count by (owner) (kubelet_volume_stats_used_bytes{chain_name=~\"$chain_name\", instance=~\"gke.*\"})) + count(count by (owner) (kubelet_volume_stats_used_bytes{chain_name=~\"$chain_name\", instance=~\"scw.*\"})))",
          "hide": false,
          "instant": false,
          "interval": "",
          "legendFormat": "Scaleway",
          "refId": "D"
        }
      ],
      "thresholds": [],
      "timeFrom": null,
      "timeRegions": [],
      "timeShift": null,
      "title": "Cloud Distribution",
      "tooltip": {
        "shared": true,
        "sort": 0,
        "value_type": "individual"
      },
      "transformations": [],
      "type": "graph",
      "xaxis": {
        "buckets": null,
        "mode": "time",
        "name": null,
        "show": true,
        "values": []
      },
      "yaxes": [
        {
          "format": "percentunit",
          "label": null,
          "logBase": 1,
          "max": null,
          "min": null,
          "show": true
        },
        {
          "format": "short",
          "label": null,
          "logBase": 1,
          "max": null,
          "min": null,
          "show": true
        }
      ],
      "yaxis": {
        "align": false,
        "alignLevel": null
      }
    },
    {
      "aliasColors": {},
      "bars": false,
      "dashLength": 10,
      "dashes": false,
      "datasource": {
        "uid": "${Datasource}",
        "type": "prometheus"
      },
      "fieldConfig": {
        "defaults": {
          "custom": {
            "align": null,
            "filterable": false
          },
          "mappings": [],
          "thresholds": {
            "mode": "absolute",
            "steps": [
              {
                "color": "green",
                "value": null
              },
              {
                "color": "red",
                "value": 80
              }
            ]
          }
        },
        "overrides": []
      },
      "fill": 1,
      "fillGradient": 0,
      "gridPos": {
        "h": 9,
        "w": 8,
        "x": 16,
        "y": 1
      },
      "hiddenSeries": false,
      "id": 7,
      "legend": {
        "avg": false,
        "current": false,
        "max": false,
        "min": false,
        "show": true,
        "total": false,
        "values": false
      },
      "lines": true,
      "linewidth": 1,
      "nullPointMode": "null",
      "options": {
        "alertThreshold": true
      },
      "percentage": false,
      "pluginVersion": "7.2.0",
      "pointradius": 2,
      "points": false,
      "renderer": "flot",
      "seriesOverrides": [],
      "spaceLength": 10,
      "stack": false,
      "steppedLine": false,
      "targets": [
        {
          "expr": "count by (beta_kubernetes_io_instance_type\n) (count by (owner, beta_kubernetes_io_instance_type\n) (kubelet_volume_stats_used_bytes{chain_name=~\"$chain_name\"}))",
          "format": "time_series",
          "instant": false,
          "interval": "",
          "legendFormat": "{{beta_kubernetes_io_instance_type}}",
          "refId": "A"
        }
      ],
      "thresholds": [],
      "timeFrom": null,
      "timeRegions": [],
      "timeShift": null,
      "title": "Server Type",
      "tooltip": {
        "shared": true,
        "sort": 0,
        "value_type": "individual"
      },
      "transformations": [],
      "type": "graph",
      "xaxis": {
        "buckets": null,
        "mode": "time",
        "name": null,
        "show": true,
        "values": []
      },
      "yaxes": [
        {
          "format": "locale",
          "label": null,
          "logBase": 1,
          "max": null,
          "min": null,
          "show": true
        },
        {
          "format": "short",
          "label": null,
          "logBase": 1,
          "max": null,
          "min": null,
          "show": true
        }
      ],
      "yaxis": {
        "align": false,
        "alignLevel": null
      }
    },
    {
      "aliasColors": {},
      "bars": false,
      "dashLength": 10,
      "dashes": false,
      "datasource": {
        "uid": "${Datasource}",
        "type": "prometheus"
      },
      "fieldConfig": {
        "defaults": {
          "custom": {
            "align": null,
            "filterable": false
          },
          "mappings": [],
          "thresholds": {
            "mode": "absolute",
            "steps": [
              {
                "color": "green",
                "value": null
              },
              {
                "color": "red",
                "value": 80
              }
            ]
          }
        },
        "overrides": []
      },
      "fill": 1,
      "fillGradient": 0,
      "gridPos": {
        "h": 9,
        "w": 8,
        "x": 0,
        "y": 10
      },
      "hiddenSeries": false,
      "id": 8,
      "legend": {
        "avg": false,
        "current": false,
        "max": false,
        "min": false,
        "show": true,
        "total": false,
        "values": false
      },
      "lines": true,
      "linewidth": 1,
      "nullPointMode": "null",
      "options": {
        "alertThreshold": true
      },
      "percentage": false,
      "pluginVersion": "7.2.0",
      "pointradius": 2,
      "points": false,
      "renderer": "flot",
      "seriesOverrides": [],
      "spaceLength": 10,
      "stack": false,
      "steppedLine": false,
      "targets": [
        {
          "expr": "count by (owner, failure_domain_beta_kubernetes_io_region\n) (kubelet_volume_stats_used_bytes{chain_name=~\"$chain_name\"})",
          "format": "time_series",
          "instant": false,
          "interval": "",
          "legendFormat": "{{owner}}-{{failure_domain_beta_kubernetes_io_region}}",
          "refId": "A"
        }
      ],
      "thresholds": [],
      "timeFrom": null,
      "timeRegions": [],
      "timeShift": null,
      "title": "Region<>Node Mapping",
      "tooltip": {
        "shared": true,
        "sort": 0,
        "value_type": "individual"
      },
      "transformations": [],
      "type": "graph",
      "xaxis": {
        "buckets": null,
        "mode": "time",
        "name": null,
        "show": true,
        "values": []
      },
      "yaxes": [
        {
          "format": "locale",
          "label": null,
          "logBase": 1,
          "max": null,
          "min": null,
          "show": true
        },
        {
          "format": "short",
          "label": null,
          "logBase": 1,
          "max": null,
          "min": null,
          "show": true
        }
      ],
      "yaxis": {
        "align": false,
        "alignLevel": null
      }
    },
    {
      "aliasColors": {},
      "bars": false,
      "dashLength": 10,
      "dashes": false,
      "datasource": {
        "uid": "${Datasource}",
        "type": "prometheus"
      },
      "fieldConfig": {
        "defaults": {
          "custom": {
            "align": null,
            "filterable": false
          },
          "mappings": [],
          "thresholds": {
            "mode": "absolute",
            "steps": [
              {
                "color": "green",
                "value": null
              },
              {
                "color": "red",
                "value": 80
              }
            ]
          }
        },
        "overrides": []
      },
      "fill": 1,
      "fillGradient": 0,
      "gridPos": {
        "h": 9,
        "w": 8,
        "x": 8,
        "y": 10
      },
      "hiddenSeries": false,
      "id": 9,
      "legend": {
        "avg": false,
        "current": false,
        "max": false,
        "min": false,
        "show": true,
        "total": false,
        "values": false
      },
      "lines": true,
      "linewidth": 1,
      "nullPointMode": "null",
      "options": {
        "alertThreshold": true
      },
      "percentage": false,
      "pluginVersion": "7.2.0",
      "pointradius": 2,
      "points": false,
      "renderer": "flot",
      "seriesOverrides": [],
      "spaceLength": 10,
      "stack": false,
      "steppedLine": false,
      "targets": [
        {
          "expr": "count by (owner) (kubelet_volume_stats_used_bytes{chain_name=~\"$chain_name\", instance=~\"ip.*\"})",
          "hide": false,
          "instant": false,
          "interval": "",
          "legendFormat": "{{owner}}-AWS",
          "refId": "A"
        },
        {
          "expr": "count by (owner) (kubelet_volume_stats_used_bytes{chain_name=~\"$chain_name\", instance=~\"aks.*\"})",
          "hide": false,
          "instant": false,
          "interval": "",
          "legendFormat": "{{owner}}-Azure",
          "refId": "B"
        },
        {
          "expr": "count by (owner) (kubelet_volume_stats_used_bytes{chain_name=~\"$chain_name\", instance=~\"gke.*\"})",
          "hide": false,
          "instant": false,
          "interval": "",
          "legendFormat": "{{owner}}-GCP",
          "refId": "C"
        },
        {
          "expr": "count by (owner) (kubelet_volume_stats_used_bytes{chain_name=~\"$chain_name\", instance=~\"scw.*\"})",
          "hide": false,
          "instant": false,
          "interval": "",
          "legendFormat": "{{owner}}-Scaleway",
          "refId": "D"
        }
      ],
      "thresholds": [],
      "timeFrom": null,
      "timeRegions": [],
      "timeShift": null,
      "title": "Cloud<>Node Mapping",
      "tooltip": {
        "shared": true,
        "sort": 0,
        "value_type": "individual"
      },
      "transformations": [],
      "type": "graph",
      "xaxis": {
        "buckets": null,
        "mode": "time",
        "name": null,
        "show": true,
        "values": []
      },
      "yaxes": [
        {
          "format": "locale",
          "label": null,
          "logBase": 1,
          "max": null,
          "min": null,
          "show": true
        },
        {
          "format": "short",
          "label": null,
          "logBase": 1,
          "max": null,
          "min": null,
          "show": true
        }
      ],
      "yaxis": {
        "align": false,
        "alignLevel": null
      }
    },
    {
      "aliasColors": {},
      "bars": false,
      "dashLength": 10,
      "dashes": false,
      "datasource": {
        "uid": "${Datasource}",
        "type": "prometheus"
      },
      "fieldConfig": {
        "defaults": {
          "custom": {}
        },
        "overrides": []
      },
      "fill": 1,
      "fillGradient": 0,
      "gridPos": {
        "h": 9,
        "w": 8,
        "x": 16,
        "y": 10
      },
      "hiddenSeries": false,
      "id": 11,
      "legend": {
        "avg": false,
        "current": false,
        "max": false,
        "min": false,
        "show": true,
        "total": false,
        "values": false
      },
      "lines": true,
      "linewidth": 1,
      "nullPointMode": "null",
      "options": {
        "alertThreshold": true
      },
      "percentage": false,
      "pluginVersion": "7.2.0",
      "pointradius": 2,
      "points": false,
      "renderer": "flot",
      "seriesOverrides": [],
      "spaceLength": 10,
      "stack": false,
      "steppedLine": false,
      "targets": [
        {
          "expr": "sum(kubernetes_build_info{chain_name=~\"$chain_name\"}) by (owner, git_version)",
          "interval": "",
          "legendFormat": "{{owner}}-{{git_version}}",
          "refId": "A"
        }
      ],
      "thresholds": [],
      "timeFrom": null,
      "timeRegions": [],
      "timeShift": null,
      "title": "Kubernetes Node Versions",
      "tooltip": {
        "shared": true,
        "sort": 0,
        "value_type": "individual"
      },
      "type": "graph",
      "xaxis": {
        "buckets": null,
        "mode": "time",
        "name": null,
        "show": true,
        "values": []
      },
      "yaxes": [
        {
          "$$hashKey": "object:266",
          "format": "short",
          "label": null,
          "logBase": 1,
          "max": null,
          "min": null,
          "show": true
        },
        {
          "$$hashKey": "object:267",
          "format": "short",
          "label": null,
          "logBase": 1,
          "max": null,
          "min": null,
          "show": true
        }
      ],
      "yaxis": {
        "align": false,
        "alignLevel": null
      }
    }
  ],
  "schemaVersion": 26,
  "style": "dark",
  "tags": [],
  "templating": {
    "list": [
      {
        "hide": 0,
        "includeAll": false,
        "multi": false,
        "name": "Datasource",
        "options": [],
        "query": "prometheus",
        "queryValue": "",
        "refresh": 1,
        "regex": "",
        "skipUrlSync": false,
        "type": "datasource"
      },
      {
        "current": {
          "selected": true,
          "text": [
            "All"
          ],
          "value": [
            "$__all"
          ]
        },
        "datasource": {
          "type": "prometheus",
          "uid": "${Datasource}"
        },
        "definition": "label_values(chain_name)",
        "hide": 0,
        "includeAll": false,
        "label": "",
        "multi": false,
        "name": "chain_name",
        "options": [],
        "query": {
          "query": "label_values(chain_name)",
          "refId": "Prometheus-chain-name-Variable-Query"
        },
        "refresh": 1,
        "regex": "",
        "skipUrlSync": false,
        "sort": 1,
        "tagValuesQuery": "",
        "tagsQuery": "",
        "type": "query",
        "useTags": false
      }
    ]
  },
  "time": {
    "from": "now-24h",
    "to": "now"
  },
  "timepicker": {},
  "timezone": "",
  "title": "Diversity",
  "uid": "diversity",
  "version": 1
}
