{
  "annotations": {
    "list": [
      {
        "builtIn": 1,
        "datasource": {
          "type": "datasource",
          "uid": "grafana"
        },
        "enable": true,
        "hide": true,
        "iconColor": "rgba(0, 211, 255, 1)",
        "name": "Annotations & Alerts",
        "target": {
          "limit": 100,
          "matchAny": false,
          "tags": [],
          "type": "dashboard"
        },
        "type": "dashboard"
      }
    ]
  },
  "editable": true,
  "fiscalYearStartMonth": 0,
  "graphTooltip": 1,
  "id": 7,
  "iteration": 1650593438607,
  "links": [
    {
      "asDropdown": true,
      "icon": "external link",
      "includeVars": true,
      "keepTime": true,
      "tags": [],
      "title": "Other Dashboards",
      "type": "dashboards"
    }
  ],
  "liveNow": false,
  "panels": [
    {
      "collapsed": false,
      "datasource": {
        "uid": "${Datasource}",
        "type": "prometheus"
      },
      "gridPos": {
        "h": 1,
        "w": 24,
        "x": 0,
        "y": 0
      },
      "id": 7,
      "panels": [],
      "title": "State Sync",
      "type": "row"
    },
    {
      "aliasColors": {},
      "bars": false,
      "dashLength": 10,
      "dashes": false,
      "datasource": {
        "uid": "${Datasource}",
        "type": "prometheus"
      },
      "description": "Ledger timestamp's lag compared to the nodes current time.",
      "fill": 0,
      "fillGradient": 0,
      "gridPos": {
        "h": 8,
        "w": 12,
        "x": 0,
        "y": 1
      },
      "hiddenSeries": false,
      "id": 29,
      "legend": {
        "avg": false,
        "current": false,
        "max": false,
        "min": false,
        "show": false,
        "total": false,
        "values": false
      },
      "lines": true,
      "linewidth": 1,
      "nullPointMode": "null",
      "options": {
        "alertThreshold": true
      },
      "percentage": false,
      "pluginVersion": "v1.0",
      "pointradius": 2,
      "points": false,
      "renderer": "flot",
      "seriesOverrides": [],
      "spaceLength": 10,
      "stack": false,
      "steppedLine": false,
      "targets": [
        {
          "exemplar": true,
          "expr": "(aptos_state_sync_timestamp{chain_name=~\"$chain_name\", type=\"real\", kubernetes_pod_name=~\".*fullnode.*\", owner=~\"$owner\"} - on(owner, kubernetes_pod_name) aptos_state_sync_timestamp{chain_name=~\"$chain_name\", type=\"synced\", kubernetes_pod_name=~\".*fullnode.*\", owner=~\"$owner\"})",
          "interval": "",
          "legendFormat": "{{owner}}-{{kubernetes_pod_name}}",
          "refId": "A"
        },
        {
          "exemplar": true,
          "expr": "(aptos_state_sync_timestamp{chain_name=~\"$chain_name\", type=\"real\", job=~\".*fullnode.*\", owner=~\"$owner\"} - on(owner, job) aptos_state_sync_timestamp{chain_name=~\"$chain_name\", type=\"synced\", job=~\".*fullnode.*\", owner=~\"$owner\"})",
          "hide": false,
          "interval": "",
          "legendFormat": "{{owner}}-{{job}}",
          "refId": "B"
        }
      ],
      "thresholds": [],
      "timeRegions": [],
      "title": "State Sync Lag",
      "tooltip": {
        "shared": true,
        "sort": 0,
        "value_type": "individual"
      },
      "type": "graph",
      "xaxis": {
        "mode": "time",
        "show": true,
        "values": []
      },
      "yaxes": [
        {
          "format": "ms",
          "logBase": 1,
          "show": true
        },
        {
          "format": "short",
          "logBase": 1,
          "show": true
        }
      ],
      "yaxis": {
        "align": false
      }
    },
    {
      "aliasColors": {},
      "bars": false,
      "dashLength": 10,
      "dashes": false,
      "datasource": {
        "uid": "${Datasource}",
        "type": "prometheus"
      },
      "description": "1 = It's fully synchronized\n0 = It's NOT synchronized",
      "fill": 0,
      "fillGradient": 0,
      "gridPos": {
        "h": 8,
        "w": 12,
        "x": 12,
        "y": 1
      },
      "hiddenSeries": false,
      "id": 33,
      "legend": {
        "avg": false,
        "current": false,
        "max": false,
        "min": false,
        "show": false,
        "total": false,
        "values": false
      },
      "lines": true,
      "linewidth": 5,
      "nullPointMode": "null",
      "options": {
        "alertThreshold": true
      },
      "percentage": false,
      "pluginVersion": "v1.0",
      "pointradius": 0.5,
      "points": false,
      "renderer": "flot",
      "seriesOverrides": [],
      "spaceLength": 10,
      "stack": false,
      "steppedLine": false,
      "targets": [
        {
          "expr": "(aptos_state_sync_version{chain_name=~\"$chain_name\", type=\"highest\", kubernetes_pod_name=~\".*fullnode.*\", owner=~\"$owner\"} - on(owner, kubernetes_pod_name) aptos_state_sync_version{chain_name=~\"$chain_name\", type=\"committed\", kubernetes_pod_name=~\".*fullnode.*\", owner=~\"$owner\"}) < bool 15",
          "interval": "",
          "legendFormat": "{{owner}}-{{kubernetes_pod_name}}",
          "refId": "A"
        },
        {
          "exemplar": true,
          "expr": "(aptos_state_sync_version{chain_name=~\"$chain_name\", type=\"highest\", job=~\".*fullnode.*\", owner=~\"$owner\"} - on(owner, job) aptos_state_sync_version{chain_name=~\"$chain_name\", type=\"committed\", job=~\".*fullnode.*\", owner=~\"$owner\"}) < bool 15",
          "hide": false,
          "interval": "",
          "legendFormat": "{{owner}}-{{job}}",
          "refId": "B"
        }
      ],
      "thresholds": [],
      "timeRegions": [],
      "title": "Synchronized",
      "tooltip": {
        "shared": true,
        "sort": 0,
        "value_type": "individual"
      },
      "type": "graph",
      "xaxis": {
        "mode": "time",
        "show": true,
        "values": []
      },
      "yaxes": [
        {
          "format": "short",
          "logBase": 1,
          "max": "1.25",
          "min": "-.25",
          "show": true
        },
        {
          "format": "short",
          "logBase": 1,
          "show": true
        }
      ],
      "yaxis": {
        "align": false
      }
    },
    {
      "aliasColors": {},
      "bars": false,
      "dashLength": 10,
      "dashes": false,
      "datasource": {
        "uid": "${Datasource}",
        "type": "prometheus"
      },
      "description": "Rate at which the synced version is increasing",
      "fill": 0,
      "fillGradient": 0,
      "gridPos": {
        "h": 8,
        "w": 12,
        "x": 0,
        "y": 9
      },
      "hiddenSeries": false,
      "id": 2,
      "legend": {
        "avg": false,
        "current": false,
        "max": false,
        "min": false,
        "show": false,
        "total": false,
        "values": false
      },
      "lines": true,
      "linewidth": 1,
      "nullPointMode": "null",
      "options": {
        "alertThreshold": true
      },
      "percentage": false,
      "pluginVersion": "v1.0",
      "pointradius": 2,
      "points": false,
      "renderer": "flot",
      "seriesOverrides": [],
      "spaceLength": 10,
      "stack": false,
      "steppedLine": false,
      "targets": [
        {
          "expr": "rate(aptos_state_sync_version{chain_name=~\"$chain_name\", type=\"synced\", kubernetes_pod_name=~\".*fullnode.*\", owner=~\"$owner\"}[$interval])",
          "interval": "",
          "legendFormat": "{{owner}}-{{kubernetes_pod_name}}",
          "refId": "A"
        },
        {
          "exemplar": true,
          "expr": "rate(aptos_state_sync_version{chain_name=~\"$chain_name\", type=\"synced\", job=~\".*fullnode.*\", owner=~\"$owner\"}[$interval])",
          "hide": false,
          "interval": "",
          "legendFormat": "{{owner}}-{{job}}",
          "refId": "B"
        }
      ],
      "thresholds": [],
      "timeRegions": [],
      "title": "State Sync Rate",
      "tooltip": {
        "shared": true,
        "sort": 0,
        "value_type": "individual"
      },
      "type": "graph",
      "xaxis": {
        "mode": "time",
        "show": true,
        "values": []
      },
      "yaxes": [
        {
          "format": "short",
          "label": "/s",
          "logBase": 1,
          "show": true
        },
        {
          "format": "short",
          "logBase": 1,
          "show": true
        }
      ],
      "yaxis": {
        "align": false
      }
    },
    {
      "aliasColors": {},
      "bars": false,
      "dashLength": 10,
      "dashes": false,
      "datasource": {
        "uid": "${Datasource}",
        "type": "prometheus"
      },
      "description": "Number of upstream peers that can provide up to date information about the ledger.",
      "fill": 0,
      "fillGradient": 0,
      "gridPos": {
        "h": 8,
        "w": 12,
        "x": 12,
        "y": 9
      },
      "hiddenSeries": false,
      "id": 13,
      "legend": {
        "avg": false,
        "current": false,
        "max": false,
        "min": false,
        "show": false,
        "total": false,
        "values": false
      },
      "lines": true,
      "linewidth": 1,
      "nullPointMode": "null",
      "options": {
        "alertThreshold": true
      },
      "percentage": false,
      "pluginVersion": "v1.0",
      "pointradius": 2,
      "points": false,
      "renderer": "flot",
      "seriesOverrides": [],
      "spaceLength": 10,
      "stack": false,
      "steppedLine": false,
      "targets": [
        {
          "expr": "sum(aptos_state_sync_active_upstream_peers{chain_name=~\"$chain_name\", kubernetes_pod_name=~\".*fullnode.*\", owner=~\"$owner\"}) by (kubernetes_pod_name, owner) ",
          "interval": "",
          "legendFormat": "{{owner}}-{{kubernetes_pod_name}}",
          "refId": "A"
        },
        {
          "exemplar": true,
          "expr": "sum(aptos_state_sync_active_upstream_peers{chain_name=~\"$chain_name\", job=~\".*fullnode.*\", owner=~\"$owner\"}) by (job, owner) ",
          "hide": false,
          "interval": "",
          "legendFormat": "{{owner}}-{{job}}",
          "refId": "B"
        }
      ],
      "thresholds": [],
      "timeRegions": [],
      "title": "State Sync Upstream Peers",
      "tooltip": {
        "shared": true,
        "sort": 0,
        "value_type": "individual"
      },
      "type": "graph",
      "xaxis": {
        "mode": "time",
        "show": true,
        "values": []
      },
      "yaxes": [
        {
          "format": "short",
          "logBase": 1,
          "show": true
        },
        {
          "format": "short",
          "logBase": 1,
          "show": true
        }
      ],
      "yaxis": {
        "align": false
      }
    },
    {
      "collapsed": false,
      "datasource": {
        "uid": "${Datasource}",
        "type": "prometheus"
      },
      "gridPos": {
        "h": 1,
        "w": 24,
        "x": 0,
        "y": 17
      },
      "id": 31,
      "panels": [],
      "title": "Mempool",
      "type": "row"
    },
    {
      "aliasColors": {},
      "bars": false,
      "dashLength": 10,
      "dashes": false,
      "datasource": {
        "uid": "${Datasource}",
        "type": "prometheus"
      },
      "description": "Number of uncommitted but still valid (not expired nor discarded) transactions in the nodes Mempool.",
      "fill": 0,
      "fillGradient": 0,
      "gridPos": {
        "h": 8,
        "w": 12,
        "x": 0,
        "y": 18
      },
      "hiddenSeries": false,
      "id": 26,
      "legend": {
        "avg": false,
        "current": false,
        "max": false,
        "min": false,
        "show": false,
        "total": false,
        "values": false
      },
      "lines": true,
      "linewidth": 1,
      "nullPointMode": "null",
      "options": {
        "alertThreshold": true
      },
      "percentage": false,
      "pluginVersion": "v1.0",
      "pointradius": 2,
      "points": false,
      "renderer": "flot",
      "seriesOverrides": [],
      "spaceLength": 10,
      "stack": false,
      "steppedLine": false,
      "targets": [
        {
          "expr": "core_mempool_index_size{chain_name=~\"$chain_name\", index=\"system_ttl\", kubernetes_pod_name=~\".*fullnode.*\", owner=~\"$owner\"}",
          "interval": "",
          "legendFormat": "{{owner}}-{{kubernetes_pod_name}}",
          "refId": "A"
        },
        {
          "exemplar": true,
          "expr": "core_mempool_index_size{chain_name=~\"$chain_name\", index=\"system_ttl\", job=~\".*fullnode.*\", owner=~\"$owner\"}",
          "hide": false,
          "interval": "",
          "legendFormat": "{{owner}}-{{job}}",
          "refId": "B"
        }
      ],
      "thresholds": [],
      "timeRegions": [],
      "title": "Mempool Pending transactions",
      "tooltip": {
        "shared": true,
        "sort": 0,
        "value_type": "individual"
      },
      "type": "graph",
      "xaxis": {
        "mode": "time",
        "show": true,
        "values": []
      },
      "yaxes": [
        {
          "format": "short",
          "logBase": 1,
          "show": true
        },
        {
          "format": "short",
          "logBase": 1,
          "show": true
        }
      ],
      "yaxis": {
        "align": false
      }
    },
    {
      "aliasColors": {},
      "bars": false,
      "dashLength": 10,
      "dashes": false,
      "datasource": {
        "uid": "${Datasource}",
        "type": "prometheus"
      },
      "description": "The time between Mempool receiving the transaction and time to be committed. Note: due to reliability mechanisms, this value can be lower than it really is.",
      "fill": 0,
      "fillGradient": 0,
      "gridPos": {
        "h": 8,
        "w": 12,
        "x": 12,
        "y": 18
      },
      "hiddenSeries": false,
      "id": 34,
      "legend": {
        "avg": false,
        "current": false,
        "max": false,
        "min": false,
        "show": false,
        "total": false,
        "values": false
      },
      "lines": true,
      "linewidth": 1,
      "nullPointMode": "null",
      "options": {
        "alertThreshold": true
      },
      "percentage": false,
      "pluginVersion": "v1.0",
      "pointradius": 2,
      "points": false,
      "renderer": "flot",
      "seriesOverrides": [],
      "spaceLength": 10,
      "stack": false,
      "steppedLine": false,
      "targets": [
        {
          "expr": "core_mempool_txn_commit_latency_sum{chain_name=~\"$chain_name\", kubernetes_pod_name=~\".*fullnode.*\", owner=~\"$owner\"} / core_mempool_txn_commit_latency_count{chain_name=~\"$chain_name\", kubernetes_pod_name=~\".*fullnode.*\", owner=~\"$owner\"}",
          "interval": "",
          "legendFormat": "{{owner}}-{{kubernetes_pod_name}}",
          "refId": "A"
        },
        {
          "exemplar": true,
          "expr": "core_mempool_txn_commit_latency_sum{chain_name=~\"$chain_name\", job=~\".*fullnode.*\", owner=~\"$owner\"} / core_mempool_txn_commit_latency_count{chain_name=~\"$chain_name\", job=~\".*fullnode.*\", owner=~\"$owner\"}",
          "hide": false,
          "interval": "",
          "legendFormat": "{{owner}}-{{job}}",
          "refId": "B"
        }
      ],
      "thresholds": [],
      "timeRegions": [],
      "title": "Mempool Txn Commit Latency",
      "tooltip": {
        "shared": true,
        "sort": 0,
        "value_type": "individual"
      },
      "type": "graph",
      "xaxis": {
        "mode": "time",
        "show": true,
        "values": []
      },
      "yaxes": [
        {
          "format": "s",
          "logBase": 1,
          "show": true
        },
        {
          "format": "short",
          "logBase": 1,
          "show": true
        }
      ],
      "yaxis": {
        "align": false
      }
    },
    {
      "collapsed": false,
      "datasource": {
        "uid": "${Datasource}",
        "type": "prometheus"
      },
      "gridPos": {
        "h": 1,
        "w": 24,
        "x": 0,
        "y": 26
      },
      "id": 22,
      "panels": [],
      "title": "Networking",
      "type": "row"
    },
    {
      "aliasColors": {},
      "bars": false,
      "dashLength": 10,
      "dashes": false,
      "datasource": {
        "uid": "${Datasource}",
        "type": "prometheus"
      },
      "description": "Number of Inbound Connections as measured by AptosNet",
      "fill": 0,
      "fillGradient": 0,
      "gridPos": {
        "h": 8,
        "w": 12,
        "x": 0,
        "y": 27
      },
      "hiddenSeries": false,
      "id": 24,
      "legend": {
        "avg": false,
        "current": false,
        "max": false,
        "min": false,
        "show": false,
        "total": false,
        "values": false
      },
      "lines": true,
      "linewidth": 1,
      "nullPointMode": "null",
      "options": {
        "alertThreshold": true
      },
      "percentage": false,
      "pluginVersion": "v1.0",
      "pointradius": 2,
      "points": false,
      "renderer": "flot",
      "seriesOverrides": [],
      "spaceLength": 10,
      "stack": false,
      "steppedLine": false,
      "targets": [
        {
          "expr": "sum by (owner,kubernetes_pod_name)(aptos_connections{chain_name=~\"$chain_name\", direction=\"inbound\",network_id=\"Public\", owner=~\"$owner\"})",
          "interval": "",
          "legendFormat": "{{owner}}-{{kubernetes_pod_name}}",
          "refId": "A"
        }
      ],
      "thresholds": [],
      "timeRegions": [],
      "title": "Network Connections (Incoming)",
      "tooltip": {
        "shared": true,
        "sort": 0,
        "value_type": "individual"
      },
      "type": "graph",
      "xaxis": {
        "mode": "time",
        "show": true,
        "values": []
      },
      "yaxes": [
        {
          "format": "short",
          "logBase": 1,
          "show": true
        },
        {
          "format": "short",
          "logBase": 1,
          "show": true
        }
      ],
      "yaxis": {
        "align": false
      }
    },
    {
      "aliasColors": {},
      "bars": false,
      "dashLength": 10,
      "dashes": false,
      "datasource": {
        "uid": "${Datasource}",
        "type": "prometheus"
      },
      "description": "Number of  Outbound Network Connections as measured by AptosNet",
      "fill": 0,
      "fillGradient": 0,
      "gridPos": {
        "h": 8,
        "w": 12,
        "x": 12,
        "y": 27
      },
      "hiddenSeries": false,
      "id": 35,
      "legend": {
        "avg": false,
        "current": false,
        "max": false,
        "min": false,
        "show": false,
        "total": false,
        "values": false
      },
      "lines": true,
      "linewidth": 1,
      "nullPointMode": "null",
      "options": {
        "alertThreshold": true
      },
      "percentage": false,
      "pluginVersion": "v1.0",
      "pointradius": 2,
      "points": false,
      "renderer": "flot",
      "seriesOverrides": [],
      "spaceLength": 10,
      "stack": false,
      "steppedLine": false,
      "targets": [
        {
          "expr": "sum by (owner, kubernetes_pod_name)(aptos_connections{chain_name=~\"$chain_name\", direction=\"outbound\",network_id=\"Public\", owner=~\"$owner\"})",
          "interval": "",
          "legendFormat": "{{owner}}-{{kubernetes_pod_name}}",
          "refId": "A"
        }
      ],
      "thresholds": [],
      "timeRegions": [],
      "title": "Network Connections (Outgoing)",
      "tooltip": {
        "shared": true,
        "sort": 0,
        "value_type": "individual"
      },
      "type": "graph",
      "xaxis": {
        "mode": "time",
        "show": true,
        "values": []
      },
      "yaxes": [
        {
          "format": "short",
          "logBase": 1,
          "show": true
        },
        {
          "format": "short",
          "logBase": 1,
          "show": true
        }
      ],
      "yaxis": {
        "align": false
      }
    },
    {
      "aliasColors": {},
      "bars": false,
      "dashLength": 10,
      "dashes": false,
      "datasource": {
        "uid": "${Datasource}",
        "type": "prometheus"
      },
      "fill": 0,
      "fillGradient": 0,
      "gridPos": {
        "h": 8,
        "w": 12,
        "x": 0,
        "y": 35
      },
      "hiddenSeries": false,
      "id": 20,
      "legend": {
        "avg": false,
        "current": false,
        "max": false,
        "min": false,
        "show": false,
        "total": false,
        "values": false
      },
      "lines": true,
      "linewidth": 1,
      "nullPointMode": "null",
      "options": {
        "alertThreshold": true
      },
      "percentage": false,
      "pluginVersion": "v1.0",
      "pointradius": 2,
      "points": false,
      "renderer": "flot",
      "seriesOverrides": [],
      "spaceLength": 10,
      "stack": false,
      "steppedLine": false,
      "targets": [
        {
          "expr": "sum(irate(container_network_transmit_bytes_total{chain_name=~\"$chain_name\", pod=~\"$owner.*fullnode.*\"}[$interval])) by (pod)",
          "interval": "",
          "legendFormat": "{{pod}}",
          "refId": "A"
        },
        {
          "expr": "sum(irate(container_network_transmit_bytes_total{chain_name=~\"$chain_name\", pod=~\"$owner.*fullnode.*\"}[$interval]))",
          "interval": "",
          "legendFormat": "total",
          "refId": "B"
        }
      ],
      "thresholds": [],
      "timeRegions": [],
      "title": "Transmit Bandwidth",
      "tooltip": {
        "shared": true,
        "sort": 0,
        "value_type": "individual"
      },
      "type": "graph",
      "xaxis": {
        "mode": "time",
        "show": true,
        "values": []
      },
      "yaxes": [
        {
          "format": "Bps",
          "logBase": 1,
          "show": true
        },
        {
          "format": "short",
          "logBase": 1,
          "show": true
        }
      ],
      "yaxis": {
        "align": false
      }
    },
    {
      "aliasColors": {},
      "bars": false,
      "dashLength": 10,
      "dashes": false,
      "datasource": {
        "uid": "${Datasource}",
        "type": "prometheus"
      },
      "fill": 0,
      "fillGradient": 0,
      "gridPos": {
        "h": 8,
        "w": 12,
        "x": 12,
        "y": 35
      },
      "hiddenSeries": false,
      "id": 19,
      "legend": {
        "avg": false,
        "current": false,
        "max": false,
        "min": false,
        "show": false,
        "total": false,
        "values": false
      },
      "lines": true,
      "linewidth": 1,
      "nullPointMode": "null",
      "options": {
        "alertThreshold": true
      },
      "percentage": false,
      "pluginVersion": "v1.0",
      "pointradius": 2,
      "points": false,
      "renderer": "flot",
      "seriesOverrides": [],
      "spaceLength": 10,
      "stack": false,
      "steppedLine": false,
      "targets": [
        {
          "expr": "sum(irate(container_network_receive_bytes_total{chain_name=~\"$chain_name\", pod=~\"$owner.*fullnode.*\"}[$interval])) by (pod)",
          "interval": "",
          "legendFormat": "{{pod}}",
          "refId": "A"
        },
        {
          "expr": "sum(irate(container_network_receive_bytes_total{chain_name=~\"$chain_name\", pod=~\"$owner.*fullnode.*\"}[$interval]))",
          "interval": "",
          "legendFormat": "total",
          "refId": "B"
        }
      ],
      "thresholds": [],
      "timeRegions": [],
      "title": "Receive Bandwidth",
      "tooltip": {
        "shared": true,
        "sort": 0,
        "value_type": "individual"
      },
      "type": "graph",
      "xaxis": {
        "mode": "time",
        "show": true,
        "values": []
      },
      "yaxes": [
        {
          "format": "Bps",
          "logBase": 1,
          "show": true
        },
        {
          "format": "short",
          "logBase": 1,
          "show": true
        }
      ],
      "yaxis": {
        "align": false
      }
    },
    {
      "collapsed": false,
      "datasource": {
        "uid": "${Datasource}",
        "type": "prometheus"
      },
      "gridPos": {
        "h": 1,
        "w": 24,
        "x": 0,
        "y": 43
      },
      "id": 9,
      "panels": [],
      "title": "System",
      "type": "row"
    },
    {
      "aliasColors": {},
      "bars": false,
      "dashLength": 10,
      "dashes": false,
      "datasource": {
        "uid": "${Datasource}",
        "type": "prometheus"
      },
      "fill": 0,
      "fillGradient": 0,
      "gridPos": {
        "h": 8,
        "w": 12,
        "x": 0,
        "y": 44
      },
      "hiddenSeries": false,
      "id": 5,
      "legend": {
        "avg": false,
        "current": false,
        "max": false,
        "min": false,
        "show": false,
        "total": false,
        "values": false
      },
      "lines": true,
      "linewidth": 1,
      "nullPointMode": "null",
      "options": {
        "alertThreshold": true
      },
      "percentage": false,
      "pluginVersion": "v1.0",
      "pointradius": 2,
      "points": false,
      "renderer": "flot",
      "seriesOverrides": [],
      "spaceLength": 10,
      "stack": false,
      "steppedLine": false,
      "targets": [
        {
          "exemplar": true,
          "expr": "1 - kubelet_volume_stats_available_bytes{chain_name=~\"$chain_name\", persistentvolumeclaim=~\"fn.$owner.*\", owner=~\"$owner\"} / kubelet_volume_stats_capacity_bytes{chain_name=~\"$chain_name\", persistentvolumeclaim=~\"fn.$owner.*\", owner=~\"$owner\"}",
          "hide": false,
          "interval": "",
          "legendFormat": "{{persistentvolumeclaim}}",
          "refId": "A"
        },
        {
          "exemplar": true,
          "expr": "1 - kubelet_volume_stats_available_bytes{chain_name=~\"$chain_name\", persistentvolumeclaim=~\"$owner.*fullnode.*\", owner!~\"val.*\"} / kubelet_volume_stats_capacity_bytes{chain_name=~\"$chain_name\", persistentvolumeclaim=~\"$owner.*fullnode.*\", owner!~\"val.*\"}",
          "hide": false,
          "interval": "",
          "legendFormat": "{{persistentvolumeclaim}}",
          "refId": "B"
        }
      ],
      "thresholds": [],
      "timeRegions": [],
      "title": "Percentage Disk Used",
      "tooltip": {
        "shared": true,
        "sort": 0,
        "value_type": "individual"
      },
      "type": "graph",
      "xaxis": {
        "mode": "time",
        "show": true,
        "values": []
      },
      "yaxes": [
        {
          "format": "percentunit",
          "logBase": 1,
          "show": true
        },
        {
          "format": "short",
          "logBase": 1,
          "show": true
        }
      ],
      "yaxis": {
        "align": false
      }
    },
    {
      "aliasColors": {},
      "bars": false,
      "dashLength": 10,
      "dashes": false,
      "datasource": {
        "uid": "${Datasource}",
        "type": "prometheus"
      },
      "fill": 0,
      "fillGradient": 0,
      "gridPos": {
        "h": 8,
        "w": 12,
        "x": 12,
        "y": 44
      },
      "hiddenSeries": false,
      "id": 11,
      "legend": {
        "avg": false,
        "current": false,
        "max": false,
        "min": false,
        "show": false,
        "total": false,
        "values": false
      },
      "lines": true,
      "linewidth": 1,
      "nullPointMode": "null",
      "options": {
        "alertThreshold": true
      },
      "percentage": false,
      "pluginVersion": "v1.0",
      "pointradius": 2,
      "points": false,
      "renderer": "flot",
      "seriesOverrides": [],
      "spaceLength": 10,
      "stack": false,
      "steppedLine": false,
      "targets": [
        {
          "exemplar": true,
          "expr": "container_memory_working_set_bytes{container=\"fullnode\", pod=~\"$owner.*\", job=\"kubernetes-cadvisor\"}",
          "hide": false,
          "interval": "",
          "legendFormat": "{{pod}}",
          "refId": "A"
        }
      ],
      "thresholds": [],
      "timeRegions": [],
      "title": "Memory Usage",
      "tooltip": {
        "shared": true,
        "sort": 0,
        "value_type": "individual"
      },
      "type": "graph",
      "xaxis": {
        "mode": "time",
        "show": true,
        "values": []
      },
      "yaxes": [
        {
          "format": "bytes",
          "logBase": 1,
          "show": true
        },
        {
          "format": "short",
          "logBase": 1,
          "show": true
        }
      ],
      "yaxis": {
        "align": false
      }
    },
    {
      "aliasColors": {},
      "bars": false,
      "dashLength": 10,
      "dashes": false,
      "datasource": {
        "uid": "${Datasource}",
        "type": "prometheus"
      },
      "fill": 0,
      "fillGradient": 0,
      "gridPos": {
        "h": 8,
        "w": 12,
        "x": 0,
        "y": 52
      },
      "hiddenSeries": false,
      "id": 17,
      "legend": {
        "avg": false,
        "current": false,
        "max": false,
        "min": false,
        "show": false,
        "total": false,
        "values": false
      },
      "lines": true,
      "linewidth": 1,
      "nullPointMode": "null",
      "options": {
        "alertThreshold": true
      },
      "percentage": false,
      "pluginVersion": "v1.0",
      "pointradius": 2,
      "points": false,
      "renderer": "flot",
      "seriesOverrides": [],
      "spaceLength": 10,
      "stack": false,
      "steppedLine": false,
      "targets": [
        {
          "exemplar": true,
          "expr": "rate(container_cpu_usage_seconds_total{container=\"fullnode\", owner=~\"$owner\"}[$interval])",
          "hide": false,
          "interval": "",
          "legendFormat": "{{owner}}-{{pod}}",
          "refId": "A"
        },
        {
          "exemplar": true,
          "expr": "rate(container_cpu_usage_seconds_total{container=\"fullnode\", pod=~\"pfn.*\"}[$interval])",
          "hide": false,
          "interval": "",
          "legendFormat": "{{pod}}",
          "refId": "B"
        }
      ],
      "thresholds": [],
      "timeRegions": [],
      "title": "CPU Usage",
      "tooltip": {
        "shared": true,
        "sort": 0,
        "value_type": "individual"
      },
      "type": "graph",
      "xaxis": {
        "mode": "time",
        "show": true,
        "values": []
      },
      "yaxes": [
        {
          "format": "short",
          "logBase": 1,
          "show": true
        },
        {
          "format": "short",
          "logBase": 1,
          "show": true
        }
      ],
      "yaxis": {
        "align": false
      }
    },
    {
      "aliasColors": {},
      "bars": false,
      "dashLength": 10,
      "dashes": false,
      "datasource": {
        "uid": "${Datasource}",
        "type": "prometheus"
      },
      "fill": 0,
      "fillGradient": 0,
      "gridPos": {
        "h": 8,
        "w": 12,
        "x": 12,
        "y": 52
      },
      "hiddenSeries": false,
      "id": 15,
      "legend": {
        "avg": false,
        "current": false,
        "max": false,
        "min": false,
        "show": false,
        "total": false,
        "values": false
      },
      "lines": true,
      "linewidth": 1,
      "nullPointMode": "null",
      "options": {
        "alertThreshold": true
      },
      "percentage": false,
      "pluginVersion": "v1.0",
      "pointradius": 2,
      "points": false,
      "renderer": "flot",
      "seriesOverrides": [],
      "spaceLength": 10,
      "stack": false,
      "steppedLine": false,
      "targets": [
        {
          "exemplar": true,
          "expr": "time() - container_start_time_seconds{container=\"fullnode\", pod=~\"$owner.*\", job=\"kubernetes-cadvisor\"}",
          "hide": false,
          "interval": "",
          "legendFormat": "{{pod}}",
          "refId": "A"
        }
      ],
      "thresholds": [],
      "timeRegions": [],
      "title": "Uptime",
      "tooltip": {
        "shared": true,
        "sort": 0,
        "value_type": "individual"
      },
      "type": "graph",
      "xaxis": {
        "mode": "time",
        "show": true,
        "values": []
      },
      "yaxes": [
        {
          "format": "s",
          "logBase": 1,
          "show": true
        },
        {
          "format": "short",
          "logBase": 1,
          "show": true
        }
      ],
      "yaxis": {
        "align": false
      }
    }
  ],
  "schemaVersion": 36,
  "style": "dark",
  "tags": [],
  "templating": {
    "list": [
      {
        "hide": 0,
        "includeAll": false,
        "multi": false,
        "name": "Datasource",
        "options": [],
        "query": "prometheus",
        "queryValue": "",
        "refresh": 1,
        "regex": "",
        "skipUrlSync": false,
        "type": "datasource"
      },
      {
        "current": {
          "selected": true,
          "text": [
            "All"
          ],
          "value": [
            "$__all"
          ]
        },
        "datasource": {
          "type": "prometheus",
          "uid": "${Datasource}"
        },
        "definition": "label_values(chain_name)",
        "hide": 0,
        "includeAll": false,
        "label": "",
        "multi": false,
        "name": "chain_name",
        "options": [],
        "query": {
          "query": "label_values(chain_name)",
          "refId": "Prometheus-chain-name-Variable-Query"
        },
        "refresh": 1,
        "regex": "",
        "skipUrlSync": false,
        "sort": 1,
        "tagValuesQuery": "",
        "tagsQuery": "",
        "type": "query",
        "useTags": false
      },
      {
        "auto": true,
        "auto_count": 30,
        "auto_min": "10s",
        "current": {
          "selected": false,
          "text": "auto",
          "value": "$__auto_interval_interval"
        },
        "hide": 0,
        "label": "",
        "name": "interval",
        "options": [
          {
            "selected": true,
            "text": "auto",
            "value": "$__auto_interval_interval"
          },
          {
            "selected": false,
            "text": "1m",
            "value": "1m"
          },
          {
            "selected": false,
            "text": "5m",
            "value": "5m"
          },
          {
            "selected": false,
            "text": "10m",
            "value": "10m"
          },
          {
            "selected": false,
            "text": "30m",
            "value": "30m"
          },
          {
            "selected": false,
            "text": "1h",
            "value": "1h"
          }
        ],
        "query": "1m,5m,10m,30m,1h",
        "queryValue": "",
        "refresh": 2,
        "skipUrlSync": false,
        "type": "interval"
      },
      {
        "current": {
          "selected": true,
          "text": [
            "All"
          ],
          "value": [
            "$__all"
          ]
        },
        "datasource": {
          "uid": "${Datasource}",
          "type": "prometheus"
        },
        "definition": "label_values(owner)",
        "hide": 0,
        "includeAll": true,
        "label": "Owner",
        "multi": true,
        "name": "owner",
        "options": [],
        "query": {
          "query": "label_values(owner)",
          "refId": "Prometheus-owner-Variable-Query"
        },
        "refresh": 1,
        "regex": "",
        "skipUrlSync": false,
        "sort": 0,
        "tagValuesQuery": "",
        "tagsQuery": "",
        "type": "query",
        "useTags": false
      }
    ]
  },
  "time": {
    "from": "now-1h",
    "to": "now"
  },
  "timepicker": {
    "refresh_intervals": [
      "5s",
      "10s",
      "30s",
      "1m",
      "5m",
      "15m",
      "30m",
      "1h",
      "2h",
      "1d"
    ]
  },
  "timezone": "",
  "title": "FullNodes",
  "uid": "fullnodes",
  "version": 1,
  "weekStart": ""
}
